Bias,Keywords,Description,How It Shows Up,Countermeasure
Anchoring on the First Clue,"anchoring, first clue, fixation, tunnel vision, first error",Fixing on the first plausible cause and filtering later evidence through it.,Hours spent on the first suspect; evidence against it explained away.,Write at least three hypotheses before testing any; record evidence against your favorite.
Confirmation Bias in Debugging,"confirmation bias, prove theory, cherry pick, assumptions","Running checks that can only confirm your theory, never refute it.",Tests designed to pass; 'it must be X' without a check that could show it is not X.,"For each hypothesis ask what result would prove it wrong, and run that check."
Streetlight Effect,"streetlight, easy place, convenient, looking where easy",Searching where it is easy to look instead of where the problem is.,Reading familiar code and logs while the unfamiliar dependency goes unchecked.,"Let evidence (traces, bisect, profiles) choose where to look next, not familiarity."
Works on My Machine,"works locally, environment, my machine, local vs ci, production only",Assuming your environment represents others.,Closing bugs that only reproduce elsewhere; dismissing CI failures.,Reproduce in the failing environment or diff environments systematically.
Premature Optimization,"premature optimization, micro optimization, fast enough, performance guess",Optimizing before knowing it matters or where the time goes.,Complex caching or clever code with no benchmark.,Measure first; optimize the biggest measured cost; keep the simple version if numbers do not justify the change.
Golden Hammer,"golden hammer, favorite tool, familiar technology, everything is a nail",Using a familiar tool or pattern whether or not it fits.,"Every problem solved with the same framework, database or pattern.",List at least two alternatives and why they do not fit before choosing.
Not Invented Here,"not invented here, reinvent, build vs buy, write our own",Rebuilding what a well-maintained library already does.,"Custom date parsing, crypto, retries or HTTP clients.",Search for a maintained library first; build only with a clear reason.
Rewrite Fallacy,"rewrite, second system, start over, from scratch, greenfield",Believing a rewrite will be faster and cleaner than incremental change.,Proposals to start over that underestimate edge cases hidden in old code.,Prefer strangler fig and incremental refactoring; list the behaviors the old code handles first.
Sunk Cost on an Approach,"sunk cost, already invested, keep going, too far to stop",Continuing a failing approach because of time already spent.,Days of patching a design that keeps fighting back.,Time-box approaches; at each box ask whether you would choose this path again starting today.
Planning Fallacy,"estimate, estimation, deadline, underestimate, how long",Underestimating the time and risk of your own tasks.,"Estimates that ignore testing, review, migration and unknowns.","Estimate from similar past tasks; add explicit time for tests, review and rollout; spike unknowns."
Gold Plating,"gold plating, scope creep, extra features, polish, nice to have",Adding features or polish nobody asked for.,PRs growing beyond the acceptance criteria.,Check every addition against the Step 1 criteria; move extras to follow-ups.
Bikeshedding,"bikeshedding, trivial, nitpick, style debate, naming debate","Spending attention on trivial, easy-to-judge issues while missing hard ones.",Reviews full of naming and formatting comments but no correctness findings.,Review correctness and security first; leave style to linters and formatters.
Coverage Theater,"coverage, coverage percentage, metric, goodhart, test count, assertions","Treating the coverage number as the goal, so tests run code without checking what it does.",Tests with no or weak assertions; snapshots of everything; coverage goes up while bugs keep shipping.,Name the behavior each test guards and the bug it would catch; break the code once to see the test fail; use mutation testing on critical code.
Illusion of Understanding,"understanding, explain, assumption, names, documentation, mental model","Believing you understand code from its names, comments or docs without tracing what it actually does.",Explanations that paraphrase function names; surprise when a simple-looking function has side effects.,"Trace a real input through the code, run it or a test, and back every claim with file:line."
