Principle,Keywords,Description,Apply When,Violation Signs
KISS,"simple, simplicity, keep it simple, complexity, over-engineering",Prefer the simplest solution that meets the requirement.,Choosing between designs; reviewing clever code.,Abstractions with one implementation; configuration nobody changes; code that needs a comment to be understood.
YAGNI,"you aren't gonna need it, future proof, speculative, over-engineering, scope",Do not build for needs you do not have yet.,Planning features and APIs.,Hooks and options for hypothetical callers; generic frameworks for one use case.
DRY (Rule of Three),"dry, duplication, copy paste, abstraction, rule of three","Remove duplicated knowledge, but wait for the third occurrence before abstracting.",Refactoring repeated code.,"The same rule changed in several places per change; or the opposite, premature abstractions coupling unrelated code."
Single Responsibility,"single responsibility, srp, cohesion, god class, one reason to change",A module should have one reason to change.,Splitting large files or classes.,Files touched by unrelated changes; classes named Manager or Utils doing everything.
Separation of Concerns,"separation of concerns, layers, coupling, business logic, presentation, io","Keep business logic apart from I/O, presentation and framework code.",Designing features and refactoring tangled code.,SQL in UI handlers; business rules that cannot be tested without a database or HTTP server.
Dependency Direction,"dependency inversion, dependencies, architecture, layering, imports, boundaries","Dependencies point toward stable, high-level policy; details depend on abstractions, not the reverse.","Module boundaries, migrations, replacing infrastructure.","Domain code importing framework, database or vendor SDK types; import cycles."
Make Illegal States Unrepresentable,"types, type safety, invalid state, validation, parse don't validate",Design data types so invalid combinations cannot be constructed.,Modeling domain data and API inputs.,Many boolean flags; optional fields that are required in practice; validation scattered everywhere.
Fail Fast,"fail fast, assert, validate input, error early, crash early, guard clause",Detect invalid state at the boundary and fail loudly instead of continuing with bad data.,"Input handling, configuration and error handling.",Errors swallowed and logged; nulls passed deep into the system; defaults that hide misconfiguration.
Principle of Least Surprise,"least surprise, naming, consistency, conventions, expectations",Code should behave the way its name and its neighbors suggest.,"Naming, API design and reviews.",Getters with side effects; functions that do more than their name says; inconsistent conventions.
Measure Before Optimizing,"measure, profile first, data driven, optimization, benchmark","Optimize only what measurement shows matters, and measure again after.",Any performance work.,Optimizations without numbers; complexity added for speed nobody measured.
Prefer Reversible Changes,"reversible, rollback, undo, two way door, safe deploy, backward compatible",Favor changes that can be undone quickly; make irreversible steps last and deliberate.,"Deploys, data migrations and incidents.",Destructive migrations without backups; deploys with no rollback path.
Determinism (Inject Time and Randomness),"deterministic, clock, time, random seed, nondeterminism, flaky","Pass time, randomness and external I/O in as dependencies so behavior is reproducible.","Code with time, randomness or concurrency, and its tests.",Direct calls to now() and random() inside logic; tests that sleep.
