Type,Name,Keywords,Description,Define,Decompose,Prioritize,Plan,Execute,Verify,Communicate,Techniques,Testing,Principles,Biases,Review Focus,Artifact,Anti-Patterns,Escalate
debug,Bug / Unexpected Behavior,"bug, error, exception, crash, broken, wrong output, fails, failing, not working, stack trace, traceback, regression, unexpected, null pointer, undefined, cannot read, type error, blank page, white screen, 500 error, panic, fix, does nothing, nothing happens, doesn't work, stopped working, not responding, hangs, freezes, incorrect","Something produces the wrong result, errors or crashes, and the cause is not yet known.","Write expected vs actual behavior and the exact repro: command, input, environment. Gate: a failing automated test or a one-command repro that you ran and saw fail.","Trace the path from input to wrong output through each layer. Find where the data first goes wrong. List what changed recently (commits, deploys, dependency bumps, config).","Rank hypotheses by likelihood and cost to test; test cheap, likely ones first. Recent changes and the first point where data is wrong come first.","For each hypothesis write the observation that would confirm or kill it. If it is a regression, pick a known-good and known-bad commit for bisect.","Test one hypothesis at a time and log the result. Narrow with bisect or divide-and-conquer until one change explains the bug. Fix the root cause, not the symptom.","The Step 1 repro or test now passes; full suite, lint and type checks pass. Search the codebase for the same faulty pattern.","PR: root cause in one sentence, the fix, why it is safe, and the regression test that now guards it.",Read the Error Carefully; Minimal Reproduction; Check Recent Changes; Git Bisect; Divide and Conquer; Hypothesis Log; Logging and Tracing; Differential Diagnosis,Regression Test First,Fail Fast; KISS,Anchoring on the First Clue; Confirmation Bias in Debugging; Streetlight Effect; Works on My Machine,Correctness; Edge Cases; Error Handling; Tests,Pull Request Description,Changing code until the symptom disappears; catching and swallowing the exception; fixing without a test that failed first; several speculative changes at once.,Users are affected in production right now: treat it as an incident and mitigate first. Expected behavior is unclear: confirm it with the user before fixing.
feature,New Feature,"add, implement, build, create, write a, new command, cli command, new feature, support, integrate, integration, user story, requirement, enable, new endpoint, new page, new screen, allow users to, let users",Add behavior that does not exist yet.,"Restate the feature as user-visible behavior with 3-7 acceptance criteria (Given/When/Then), including error and empty cases, and list what is out of scope. Gate: criteria written and confirmed, or assumptions stated explicitly.","Map which layers change (UI, API, domain, data, config), new versus modified interfaces, schema changes and new dependencies.",Pick a thin vertical slice that satisfies one criterion end to end; move nice-to-haves out; spike the riskiest unknown first.,"Order the tasks with a test for each slice; decide feature flag, migration and rollback; note docs and config to update.","Per slice: failing acceptance or unit test, minimal code to pass, then refactor. Commit per slice and keep the build green.","Every acceptance criterion has a passing test; full suite, lint, type checks and build pass; try error and empty paths by hand.","PR: what users can now do, how to try it, screenshots or examples, flags and follow-ups.",Thin Vertical Slice; Spike; Feature Flag; Preparatory Refactoring,Acceptance Tests (Given/When/Then); TDD Red-Green-Refactor; Contract Tests,YAGNI; KISS; Separation of Concerns; Make Illegal States Unrepresentable,Planning Fallacy; Gold Plating; Golden Hammer,Correctness; Edge Cases; Security; API Compatibility; Tests; Readability,Pull Request Description,One big-bang PR; building for hypothetical future needs; only the happy path; no error or empty states.,Several viable designs with real trade-offs: run make-decision (/decide) and record an ADR before building.
refactor,Refactor / Restructure,"refactor, clean up, cleanup, restructure, rename, extract, simplify, technical debt, tech debt, legacy, decouple, split module, spaghetti, duplicate code, reorganize code, split it up, split up, break up, too long, smaller modules, smaller functions",Change the structure of code without changing its behavior.,"State the goal as the change it enables or a property it improves (coupling, duplication, size), and that behavior must not change. Gate: tests cover the code being moved; add characterization tests where they do not.","Map dependencies in and out of the target: callers, imports, shared state. Find seams where code can be cut apart.",Order steps so each is small and keeps tests green; start with what unlocks the most (Mikado). Stop when the goal is met.,"List refactoring steps (rename, extract, move, inline), each committable on its own. Plan expand-contract for public APIs.","One mechanical step at a time, tests after each, commit. Prefer IDE or codemod refactorings. Never mix behavior changes in.",Tests unchanged and green; public API compatibility checked; the diff shows no behavior change; the target property improved.,"PR: 'no behavior change' up front, the change it enables, and how to review it (commit by commit).",Preparatory Refactoring; Mikado Method; Seams; Parallel Change (Expand-Contract); Strangler Fig; Codemod / Automated Refactoring; Dead Code Removal,Characterization Tests; Snapshot / Golden Tests,Single Responsibility; Separation of Concerns; Dependency Direction; DRY (Rule of Three); KISS,Rewrite Fallacy; Sunk Cost on an Approach; Golden Hammer,API Compatibility; Readability; Tests,Pull Request Description,Refactoring without tests; mixing refactors with bug fixes or features; big-bang rewrites; abstracting before the third duplication.,"Rewrite versus incremental change, or a large restructure: run make-decision (/decide) and record an ADR."
performance,Performance / Scalability,"slow, slower, latency, spike, spiked, degraded, slow query, query, performance, throughput, memory, memory leak, cpu, timeout, p95, p99, optimize, optimise, scale, scaling, n+1, cache, load, bottleneck, out of memory, oom, faster, speed up, too slow","Make code faster, lighter or able to handle more load.","Name the metric, workload and target (for example p95 under 200 ms at 100 rps; memory flat over one hour). Gate: a repeatable benchmark or load test with a recorded baseline.","Break total time or memory into parts (request path, database, network, CPU, GC, allocations) using profiles and traces, not guesses.",Pareto: attack the largest measured contributor first; prefer algorithmic and I/O fixes over micro-optimizations.,"One optimization per experiment, with the expected gain and how it is measured. Check correctness risks such as cache invalidation.","Change one thing, rerun the same benchmark, record the numbers, keep or revert.",The benchmark meets the target against the baseline under the same conditions; tests pass; cost did not just move elsewhere (memory for CPU).,"PR: before/after numbers, method, environment and trade-offs.",Profiling; Logging and Tracing; Divide and Conquer; Differential Diagnosis,Benchmark / Load Test; Regression Test First,Measure Before Optimizing; KISS,Premature Optimization; Streetlight Effect; Confirmation Bias in Debugging,Performance; Correctness; Concurrency,Pull Request Description,Optimizing without a profile; benchmarks on unrepresentative data; caching without an invalidation plan; micro-optimizing something that is not the bottleneck.,"The fix needs an architecture change (queue, sharding, new datastore): run make-decision (/decide) and record an ADR."
flaky-test,Flaky Test / CI Failure,"flaky, flaky test, intermittent, sometimes fails, randomly fails, ci red, ci failing, pipeline, nondeterministic, race condition, passes locally, fails in ci, timeout in ci, fails randomly, fail randomly, on ci, in ci","A test or pipeline fails sometimes, or only in CI.","Record the failure rate and the exact failing assertion or log from CI. Gate: reproduce the failure by running the test repeatedly (50-200 runs), shuffled or under stress.","Classify the source of nondeterminism: test order or shared state, time and clocks, concurrency, network or external services, resource limits, randomness, environment differences.","Test the categories that fit the failure signature first: timeouts point to resources or network, wrong values to shared state or ordering.","Make the failure frequent (loop, race detector, shuffle, CPU limits) so each hypothesis gives a fast signal.","Fix the cause: isolate state, inject the clock, wait for conditions instead of sleeping, stub the network.","Run the test the same number of times that reproduced it, with zero failures; the full CI suite passes; no test was disabled.","PR: root cause, how it was reproduced, run counts before and after.",Stress and Repeat; Differential Diagnosis; Logging and Tracing; Hypothesis Log; Minimal Reproduction,Hermetic Tests; Regression Test First,Determinism (Inject Time and Randomness); Fail Fast,Works on My Machine; Confirmation Bias in Debugging; Anchoring on the First Clue,Concurrency; Tests,Pull Request Description,Adding retries or longer sleeps; skipping or quarantining the test; calling it an infra flake without evidence.,The failure is in CI infrastructure rather than code: report it with the evidence and a proposed fix.
incident,Production Incident,"outage, down, incident, production, prod, sev1, sev2, customers affected, users affected, 5xx, 500s, rollback, hotfix, on-call, pager, degraded, 502, 503, 504, all users, every user",Something is broken in production and users are affected now.,"Impact first: who and what is affected, since when, how badly. Gate: a mitigation decision (rollback, flag off, scale up) within minutes; root-causing comes after impact stops.","Line up the timeline of changes (deploys, config, traffic, dependencies) against symptom onset; find affected components from dashboards, logs and traces.","Mitigate, then diagnose, then fix, then prevent. Choose the fastest reversible mitigation.","Assign roles (lead, communications) and an update cadence; list mitigation options with their risks.",Apply the mitigation and confirm recovery in metrics; then reproduce and fix the root cause with a regression test.,Metrics back to baseline; the fix deployed and verified; alerts would catch a recurrence.,"Status updates during the incident; a blameless postmortem afterwards with timeline, root cause and action items.",Check Recent Changes; Logging and Tracing; Differential Diagnosis; Feature Flag; Hypothesis Log,Regression Test First,Prefer Reversible Changes; Fail Fast,Anchoring on the First Clue; Confirmation Bias in Debugging,Error Handling; Observability; Data Safety,Blameless Postmortem,Root-causing while users are still affected; unrecorded changes in production; blaming people.,"A business-level crisis beyond the code: use problem-solving-pro (/solve) with --category ""Crisis / Turnaround""."
migration,Migration / Upgrade,"migrate, migration, upgrade, version bump, bump, framework upgrade, deprecate, deprecated, move to, port, porting, database migration, schema change, breaking change, replace library, switch from, switch to, move from, replace with, convert to, rewrite in, replace, upgrade to","Move code, data or dependencies from one system or version to another.","Source and target versions or systems, why, constraints (downtime, data size) and done criteria. Gate: an inventory of everything affected (usages, data, configs) with counts.","Group affected items by type and risk (API changes, data, config, build). Read the changelog and migration guide for breaking changes.","Low-risk, high-coverage steps first; isolate data migrations; make every step deployable on its own.","Expand-contract or strangler sequence with a rollback for each step, backups for data, and codemods for repetitive edits.",Step by step behind a compatibility layer or flag; full tests per step; migrate data in batches with checks.,Tests pass on the target; data counts or checksums match; no deprecated usage remains (search for it); performance is comparable.,Migration plan or runbook; one PR per step; changelog of breaking changes.,Parallel Change (Expand-Contract); Strangler Fig; Branch by Abstraction; Codemod / Automated Refactoring; Feature Flag,Characterization Tests; Contract Tests,Prefer Reversible Changes; Dependency Direction,Planning Fallacy; Rewrite Fallacy; Sunk Cost on an Approach,API Compatibility; Data Safety; Tests,Design Doc (RFC),Big-bang cutover without rollback; jumping several major versions at once; irreversible data changes first.,Choosing the target technology: run make-decision (/decide) first.
review,Code Review,"review, code review, pr review, review my code, check my code, audit, feedback on code, look over, critique, xem code",Assess a change someone else (or you) wrote for defects and risks.,Understand intent from the PR description and linked issue: what should change and what must not. Gate: a one-sentence summary of what the change is meant to do.,"Split the diff by concern (logic, tests, config, refactor) and mark risky areas (concurrency, security, data, public APIs).","Correctness and security first, then design, then tests, then style. Label every finding blocking or optional.","For each risky area decide how to verify it: run the tests, trace a real caller, try edge inputs.",Trace real callers and inputs through the change; go through the review checklist; run the code or tests where you can.,"Every blocking finding has a concrete failure scenario (input, then wrong result); drop speculative findings.","Findings ranked by severity, each with file:line, the scenario and a suggested fix; blocking separated from optional.",Trace the Data Flow; Differential Diagnosis; Rubber Duck Explanation,Test Pyramid; Regression Test First,KISS; Single Responsibility; Fail Fast; Principle of Least Surprise,Bikeshedding; Anchoring on the First Clue; Confirmation Bias in Debugging,Correctness; Edge Cases; Error Handling; Security; Concurrency; Performance; Data Safety; API Compatibility; Tests; Readability; Observability,Code Review Report,Nitpicking style while missing logic bugs; vague comments without a scenario; approving without reading the tests.,A design disagreement rather than a defect: run make-decision (/decide) on the options.
test,Add or Improve Tests,"write tests, add tests, unit test, unit tests, test coverage, coverage, increase coverage, missing tests, untested, integration test, integration tests, e2e test, add a test, write a test, add test, write test","Add tests for existing behavior, or raise confidence in code that is under-tested.","Name the behaviors to protect (inputs, outputs, error cases) and why they matter now. Gate: a list of behaviors to test, each with the observable result that proves it.","Find the code paths and their seams: pure logic, I/O boundaries, time and randomness. Read the existing tests and the branch coverage report for the module.","Critical and bug-prone behavior first: error paths, edge cases, code that changed often. Skip trivial getters.","Pick the test level per behavior (unit, integration, end to end); decide fakes for I/O; plan one deliberate break per test to prove it can fail.","Write one test at a time; break the code or the expectation to see it fail, then restore; keep tests fast, hermetic and named after the behavior.","New tests pass, failed at least once against broken code, pass on repeated runs, and branch coverage of the target rose; the full suite is green.","PR: the behaviors now protected, how a failure would show, coverage before and after, known gaps.",Read the Tests; Trace the Data Flow; Seams,Coverage Gap Analysis; Characterization Tests; Property-Based Testing; Mutation Testing; Hermetic Tests; Test Pyramid,Determinism (Inject Time and Randomness); KISS; Separation of Concerns,Coverage Theater; Streetlight Effect,Tests; Edge Cases; Readability,Pull Request Description,Tests without assertions; asserting implementation details instead of behavior; sleeping instead of waiting for a condition; mocking the code under test.,The code cannot be tested without large changes: refactor first with seams and characterization tests (/code.refactor).
explain,Understand / Explain Code,"explain, explain code, how does, how it works, how does it work, how this works, works internally, what does, understand, walk me through, walkthrough, onboarding, where is, find where, how is, how are, how do, where does, what happens when",Build an accurate understanding of existing code and explain it with evidence.,"Turn the request into precise questions (what happens when X, where is Y decided). Gate: the questions written down, with the entry point or input to trace.","Find the entry points (routes, CLI commands, handlers, main), the modules involved and their dependencies; read the tests and README for intent.","Follow the main path of one real input first; side paths, configuration and error handling after.","Decide how to confirm each claim: read the code, run a test, add a temporary log or breakpoint.","Trace one real input end to end, noting file:line for each hop; run the code or a test to confirm at least one non-obvious behavior.","Every claim in the explanation points to file:line you read or output you ran; unknowns are listed as open questions, not guessed.","Explanation: summary first, then the flow step by step with file:line, key data structures, gotchas and open questions.",Trace the Data Flow; Read the Tests; Logging and Tracing; Rubber Duck Explanation,Characterization Tests,Separation of Concerns; Principle of Least Surprise,Illusion of Understanding; Anchoring on the First Clue,Correctness; Readability,Code Explanation,Paraphrasing function names; explaining from memory or docs without reading the code; guessing behavior instead of running it; changing code when only asked to explain.,"The explanation reveals a bug or a risky design: report it, then fix it with /code.debug or weigh options with /decide."
security,Security Fix,"security fix, vulnerability, vulnerable, cve, exploit, injection, sql injection, xss, csrf, ssrf, rce, path traversal, auth bypass, secret leaked, leaked key, leaked token, dependabot, npm audit, pip-audit, advisory, api key, secret, secrets, credentials, leaked",Fix a vulnerability in the code or its dependencies without breaking users.,"State the vulnerability as impact: who can do what they should not, through which input. Gate: a reproduction (failing test or request) that shows the exploit in a safe environment, or the advisory entry with the affected versions.",Trace the data from the untrusted source to the sensitive sink; list every other place the same pattern or package is used; check that the vulnerable path is reachable.,"Contain first if it is exploited now (disable the feature, rotate leaked secrets); then fix the root cause; then other instances of the pattern.","Fix at the right layer (parameterized queries, output encoding, authorization check, safe API, upgrade to the first fixed version); plan the regression test and how the fix will be disclosed.",Write the exploit as a failing test; apply the minimal fix; fix every instance of the pattern from Step 2; rotate any exposed secret.,"The exploit test no longer succeeds; the full suite passes; the audit tool (npm audit, pip-audit, govulncheck, cargo audit) is clean for the issue; no secret remains in code or history.","Security fix note: impact, affected versions, fix and upgrade steps; keep exploit details private until users can upgrade.",Minimal Reproduction; Trace the Data Flow; Check Recent Changes; Dependency Upgrade for a Vulnerability,Regression Test First; Property-Based Testing,Validate at the Boundary; Least Privilege; Fail Fast,Confirmation Bias in Debugging; Streetlight Effect,Security; Data Safety; Error Handling; Tests,Security Fix Note,Blocklisting bad inputs instead of fixing the sink; fixing one instance and missing the pattern; exploit details in a public PR; deleting a leaked secret without rotating it.,The vulnerability is being exploited or data was exposed: handle it as an incident (--type incident) and involve whoever owns security response.
quick-fix,Small Change,"typo, fix typo, spelling, wording, copy change, change text, change the text, change label, update string, change color, change colour, config value, change default, one line, one-liner, small change, tiny change, quick fix, button text, button label, label text","A small, well-understood change of a few lines with an obvious result.","State the exact change and where it shows. Gate: the current and the wanted text, value or behavior.","Find every place the value or text appears: code, tests, docs, translations.",Change all occurrences in one commit.,"Name the check that shows the change: a test, the page, the command output.",Make the change everywhere it appears; search again afterwards for missed occurrences.,The check shows the new result; tests and lint pass; no occurrence was missed.,Commit message: what changed and where.,Codemod / Automated Refactoring,Snapshot / Golden Tests,KISS; Principle of Least Surprise,Planning Fallacy,Correctness; Tests,Commit Message,Fixing one occurrence and missing the others; unrelated changes slipped into a small commit; skipping the tests because the change looks trivial.,The change touches logic or grows beyond a few lines: re-run the plan with --type feature or --type debug.
